n,x_4d,y_4d,z_4d,w_4d,x_mm,y_mm,z_mm
0,-0.7663118961,-0.1463525492,0.3831559480,-0.2368033989,-42.5325404176,-8.1229924058,0.4305279146
1,-0.7663118961,0.1463525492,0.3831559480,-0.2368033989,-42.5325404176,8.1229924058,0.4305279146
2,0.2368033989,-0.6199593469,0.4736067977,-0.3831559480,13.1432778030,-34.4095480118,-3.6922627286
3,0.3831559480,-0.7663118961,0.1463525492,-0.2368033989,21.2662702088,-42.5325404176,-6.6708153891
4,-0.1463525492,-0.3831559480,-0.7663118961,0.2368033989,-8.1229924058,-21.2662702088,-11.9207427456
5,0.4736067977,-0.3831559480,0.2368033989,-0.6199593469,26.2865556060,-21.2662702088,-21.8532929487
6,0.3831559480,-0.6199593469,-0.5295084972,0.0000000000,21.2662702088,-34.4095480118,-15.8790863584
7,-0.8567627458,0.2368033989,0.0000000000,-0.1463525492,-47.5528258148,13.1432778030,-6.8352624193
8,-0.6199593469,-0.2368033989,-0.3831559480,0.4736067977,-34.4095480118,-13.1432778030,10.6291590019
9,0.1463525492,-0.2368033989,-0.8567627458,0.0000000000,8.1229924058,-13.1432778030,-25.6929014383
10,-0.3831559480,-0.1463525492,0.2368033989,-0.7663118961,-21.2662702088,-8.1229924058,-28.6885553680
11,0.3831559480,-0.2368033989,-0.4736067977,-0.6199593469,21.2662702088,-13.1432778030,-43.1573228595
12,-0.6199593469,0.1463525492,0.6199593469,-0.1463525492,-34.4095480118,8.1229924058,11.7562957153
13,0.0000000000,0.7663118961,0.0000000000,0.4736067977,0.0000000000,42.5325404176,22.1193738330
14,0.1463525492,0.6199593469,0.1463525492,-0.6199593469,8.1229924058,34.4095480118,-24.5657647249
15,0.6199593469,-0.2368033989,-0.3831559480,-0.4736067977,34.4095480118,-13.1432778030,-33.6095886640
16,-0.1463525492,0.2368033989,-0.8567627458,0.0000000000,-8.1229924058,13.1432778030,-25.6929014383
17,0.6199593469,-0.3831559480,0.0000000000,-0.5295084972,34.4095480118,-21.2662702088,-24.7302117551
18,-0.1463525492,-0.7663118961,-0.2368033989,0.3831559480,-8.1229924058,-42.5325404176,10.7936060322
19,-0.3831559480,-0.2368033989,-0.7663118961,0.1463525492,-21.2662702088,-13.1432778030,-16.1451672427
20,-0.1463525492,0.0000000000,0.2368033989,0.8567627458,-8.1229924058,0.0000000000,47.1156664724
21,0.0000000000,-0.7663118961,-0.4736067977,0.0000000000,0.0000000000,-42.5325404176,-14.2026866072
22,-0.3831559480,-0.6199593469,-0.2368033989,-0.4736067977,-21.2662702088,-34.4095480118,-29.2207171366
23,0.0000000000,-0.4736067977,0.0000000000,-0.7663118961,0.0000000000,-26.2865556060,-35.7898986716
24,-0.4736067977,0.3831559480,0.2368033989,0.6199593469,-26.2865556060,21.2662702088,36.0559795559
25,0.7663118961,0.2368033989,-0.1463525492,0.3831559480,42.5325404176,13.1432778030,13.5060778084
26,0.7663118961,0.1463525492,-0.3831559480,0.2368033989,42.5325404176,8.1229924058,-0.4305279146
27,-0.4736067977,-0.3831559480,0.2368033989,-0.6199593469,-26.2865556060,-21.2662702088,-21.8532929487
28,0.4736067977,0.7663118961,0.0000000000,0.0000000000,26.2865556060,42.5325404176,0.0000000000
29,0.6199593469,-0.4736067977,-0.2368033989,0.3831559480,34.4095480118,-26.2865556060,10.7936060322
30,0.6199593469,-0.4736067977,0.2368033989,-0.3831559480,34.4095480118,-26.2865556060,-10.7936060322
31,-0.3831559480,0.7663118961,-0.1463525492,-0.2368033989,-21.2662702088,42.5325404176,-15.4485584439
32,-0.5295084972,0.6199593469,0.0000000000,-0.3831559480,-29.3892626146,34.4095480118,-17.8949493358
33,0.0000000000,0.1463525492,-0.8567627458,-0.2368033989,0.0000000000,8.1229924058,-36.7525883547
34,-0.2368033989,0.0000000000,-0.8567627458,0.1463525492,-13.1432778030,0.0000000000,-18.8576390189
35,0.2368033989,0.1463525492,0.0000000000,0.8567627458,13.1432778030,8.1229924058,40.0143231687
36,0.0000000000,0.0000000000,0.7663118961,-0.4736067977,0.0000000000,0.0000000000,0.8610558291
37,0.1463525492,0.3831559480,0.7663118961,-0.2368033989,8.1229924058,21.2662702088,11.9207427456
38,-0.7663118961,-0.4736067977,0.0000000000,0.0000000000,-42.5325404176,-26.2865556060,0.0000000000
39,0.3831559480,-0.4736067977,0.6199593469,0.2368033989,21.2662702088,-26.2865556060,29.6512450511
40,0.6199593469,0.1463525492,-0.1463525492,-0.6199593469,34.4095480118,8.1229924058,-33.3435077797
41,0.7663118961,0.2368033989,-0.1463525492,-0.3831559480,42.5325404176,13.1432778030,-22.2838208632
42,0.0000000000,-0.6199593469,-0.3831559480,0.5295084972,0.0000000000,-34.4095480118,13.2399969241
43,0.0000000000,-0.1463525492,-0.8567627458,0.2368033989,0.0000000000,-8.1229924058,-14.6332145218
44,0.4736067977,-0.6199593469,0.3831559480,0.2368033989,26.2865556060,-34.4095480118,22.5499017475
45,-0.4736067977,0.0000000000,-0.7663118961,0.0000000000,-26.2865556060,0.0000000000,-22.9804296621
46,-0.2368033989,-0.3831559480,-0.1463525492,-0.7663118961,-13.1432778030,-21.2662702088,-40.1787701990
47,0.1463525492,0.6199593469,0.6199593469,0.1463525492,8.1229924058,34.4095480118,25.4268205540
48,-0.1463525492,-0.6199593469,-0.6199593469,0.1463525492,-8.1229924058,-34.4095480118,-11.7562957153
49,-0.2368033989,-0.3831559480,0.6199593469,0.4736067977,-13.1432778030,-21.2662702088,40.7109319676
50,-0.6199593469,-0.4736067977,-0.2368033989,-0.3831559480,-34.4095480118,-26.2865556060,-24.9962926394
51,0.6199593469,0.1463525492,0.6199593469,-0.1463525492,34.4095480118,8.1229924058,11.7562957153
52,-0.2368033989,0.7663118961,0.3831559480,0.1463525492,-13.1432778030,42.5325404176,18.3254772503
53,-0.2368033989,-0.1463525492,0.7663118961,-0.3831559480,-13.1432778030,-8.1229924058,5.0854803263
54,0.3831559480,-0.2368033989,0.4736067977,-0.6199593469,21.2662702088,-13.1432778030,-14.7519496450
55,-0.7663118961,-0.1463525492,-0.3831559480,-0.2368033989,-42.5325404176,-8.1229924058,-22.5499017475
56,0.3831559480,0.2368033989,-0.7663118961,-0.1463525492,21.2662702088,13.1432778030,-29.8156920814
57,-0.8567627458,0.1463525492,-0.2368033989,0.0000000000,-47.5528258148,8.1229924058,-7.1013433036
58,0.7663118961,0.0000000000,-0.4736067977,0.0000000000,42.5325404176,0.0000000000,-14.2026866072
59,-0.7663118961,0.3831559480,0.2368033989,0.1463525492,-42.5325404176,21.2662702088,13.9366057229
60,0.3831559480,-0.2368033989,-0.4736067977,0.6199593469,21.2662702088,-13.1432778030,14.7519496450
61,0.4736067977,-0.2368033989,-0.6199593469,0.3831559480,26.2865556060,-13.1432778030,-0.6966087989
62,-0.8567627458,-0.1463525492,0.2368033989,0.0000000000,-47.5528258148,-8.1229924058,7.1013433036
63,-0.7663118961,-0.2368033989,-0.1463525492,0.3831559480,-42.5325404176,-13.1432778030,13.5060778084
64,-0.6199593469,0.1463525492,-0.1463525492,0.6199593469,-34.4095480118,8.1229924058,24.5657647249
65,0.5295084972,0.3831559480,0.6199593469,0.0000000000,29.3892626146,21.2662702088,18.5915581346
66,0.3831559480,-0.2368033989,0.4736067977,0.6199593469,21.2662702088,-13.1432778030,43.1573228595
67,0.0000000000,-0.2368033989,0.1463525492,0.8567627458,0.0000000000,-13.1432778030,44.4031946962
68,0.1463525492,0.3831559480,-0.7663118961,0.2368033989,8.1229924058,21.2662702088,-11.9207427456
69,-0.3831559480,-0.6199593469,-0.5295084972,0.0000000000,-21.2662702088,-34.4095480118,-15.8790863584
70,0.0000000000,-0.2368033989,-0.1463525492,-0.8567627458,0.0000000000,-13.1432778030,-44.4031946962
71,0.3831559480,0.5295084972,0.0000000000,-0.6199593469,21.2662702088,29.3892626146,-28.9546362523
72,-0.1463525492,0.2368033989,0.3831559480,-0.7663118961,-8.1229924058,13.1432778030,-24.2996838406
73,0.1463525492,-0.6199593469,0.1463525492,-0.6199593469,8.1229924058,-34.4095480118,-24.5657647249
74,0.2368033989,0.4736067977,-0.3831559480,-0.6199593469,13.1432778030,26.2865556060,-40.4448510833
75,-0.3831559480,-0.2368033989,-0.4736067977,-0.6199593469,-21.2662702088,-13.1432778030,-43.1573228595
76,0.1463525492,0.8567627458,0.0000000000,-0.2368033989,8.1229924058,47.5528258148,-11.0596869165
77,-0.4736067977,-0.3831559480,0.2368033989,0.6199593469,-26.2865556060,-21.2662702088,36.0559795559
78,0.0000000000,-0.5295084972,0.6199593469,-0.3831559480,0.0000000000,-29.3892626146,0.6966087989
79,-0.1463525492,0.2368033989,0.8567627458,0.0000000000,-8.1229924058,13.1432778030,25.6929014383
80,-0.6199593469,-0.3831559480,0.4736067977,0.2368033989,-34.4095480118,-21.2662702088,25.2623735237
81,-0.6199593469,0.1463525492,0.1463525492,-0.6199593469,-34.4095480118,8.1229924058,-24.5657647249
82,0.3831559480,0.0000000000,0.6199593469,-0.5295084972,21.2662702088,0.0000000000,-6.1386536205
83,0.3831559480,-0.6199593469,0.2368033989,-0.4736067977,21.2662702088,-34.4095480118,-15.0180305293
84,-0.3831559480,-0.2368033989,0.4736067977,-0.6199593469,-21.2662702088,-13.1432778030,-14.7519496450
85,-0.5295084972,0.0000000000,-0.3831559480,0.6199593469,-29.3892626146,0.0000000000,17.4644214212
86,0.1463525492,-0.7663118961,-0.2368033989,-0.3831559480,8.1229924058,-42.5325404176,-24.9962926394
87,0.2368033989,0.7663118961,0.3831559480,-0.1463525492,13.1432778030,42.5325404176,4.6549524117
88,-0.4736067977,-0.2368033989,-0.6199593469,0.3831559480,-26.2865556060,-13.1432778030,-0.6966087989
89,0.3831559480,0.5295084972,0.0000000000,0.6199593469,21.2662702088,29.3892626146,28.9546362523
90,-0.6199593469,0.6199593469,0.1463525492,0.1463525492,-34.4095480118,34.4095480118,11.2241339467
91,-0.3831559480,-0.2368033989,-0.4736067977,0.6199593469,-21.2662702088,-13.1432778030,14.7519496450
92,0.3831559480,-0.6199593469,-0.2368033989,0.4736067977,21.2662702088,-34.4095480118,15.0180305293
93,0.2368033989,-0.6199593469,-0.4736067977,0.3831559480,13.1432778030,-34.4095480118,3.6922627286
94,0.2368033989,0.3831559480,0.1463525492,-0.7663118961,13.1432778030,21.2662702088,-31.4010271442
95,0.3831559480,0.6199593469,0.5295084972,0.0000000000,21.2662702088,34.4095480118,15.8790863584
96,-0.7663118961,-0.3831559480,-0.2368033989,0.1463525492,-42.5325404176,-21.2662702088,-0.2660808843
97,0.6199593469,0.3831559480,0.0000000000,-0.5295084972,34.4095480118,21.2662702088,-24.7302117551
98,-0.3831559480,0.2368033989,0.7663118961,-0.1463525492,-21.2662702088,13.1432778030,16.1451672427
99,0.2368033989,-0.6199593469,0.4736067977,0.3831559480,13.1432778030,-34.4095480118,32.0976359430
100,0.1463525492,0.1463525492,-0.6199593469,0.6199593469,8.1229924058,8.1229924058,10.3630781176
101,0.2368033989,0.3831559480,-0.1463525492,-0.7663118961,13.1432778030,21.2662702088,-40.1787701990
102,0.6199593469,0.0000000000,0.5295084972,-0.3831559480,34.4095480118,0.0000000000,-2.0158629773
103,0.7663118961,-0.1463525492,0.3831559480,0.2368033989,42.5325404176,-8.1229924058,22.5499017475
104,0.3831559480,0.0000000000,-0.6199593469,0.5295084972,21.2662702088,0.0000000000,6.1386536205
105,0.7663118961,0.0000000000,0.0000000000,-0.4736067977,42.5325404176,0.0000000000,-22.1193738330
106,-0.7663118961,0.1463525492,0.3831559480,0.2368033989,-42.5325404176,8.1229924058,22.5499017475
107,-0.3831559480,-0.5295084972,0.0000000000,0.6199593469,-21.2662702088,-29.3892626146,28.9546362523
108,0.1463525492,0.7663118961,0.2368033989,0.3831559480,8.1229924058,42.5325404176,24.9962926394
109,-0.1463525492,0.6199593469,0.6199593469,-0.1463525492,-8.1229924058,34.4095480118,11.7562957153
110,-0.4736067977,-0.6199593469,0.3831559480,0.2368033989,-26.2865556060,-34.4095480118,22.5499017475
111,0.2368033989,0.8567627458,0.1463525492,0.0000000000,13.1432778030,47.5528258148,4.3888715274
112,0.7663118961,0.3831559480,0.2368033989,-0.1463525492,42.5325404176,21.2662702088,0.2660808843
113,0.3831559480,0.1463525492,0.2368033989,-0.7663118961,21.2662702088,8.1229924058,-28.6885553680
114,0.3831559480,-0.4736067977,0.6199593469,-0.2368033989,21.2662702088,-26.2865556060,7.5318712182
115,-0.3831559480,-0.4736067977,0.6199593469,0.2368033989,-21.2662702088,-26.2865556060,29.6512450511
116,0.0000000000,-0.1463525492,0.8567627458,0.2368033989,0.0000000000,-8.1229924058,36.7525883547
117,0.2368033989,0.0000000000,0.8567627458,-0.1463525492,13.1432778030,0.0000000000,18.8576390189
118,-0.3831559480,0.6199593469,-0.5295084972,0.0000000000,-21.2662702088,34.4095480118,-15.8790863584
119,0.4736067977,-0.6199593469,0.3831559480,-0.2368033989,26.2865556060,-34.4095480118,0.4305279146
120,0.2368033989,-0.3831559480,-0.1463525492,-0.7663118961,13.1432778030,-21.2662702088,-40.1787701990
121,-0.8567627458,0.0000000000,0.1463525492,-0.2368033989,-47.5528258148,0.0000000000,-6.6708153891
122,-0.1463525492,-0.7663118961,-0.2368033989,-0.3831559480,-8.1229924058,-42.5325404176,-24.9962926394
123,-0.2368033989,0.3831559480,-0.1463525492,0.7663118961,-13.1432778030,21.2662702088,31.4010271442
124,0.1463525492,0.1463525492,0.6199593469,-0.6199593469,8.1229924058,8.1229924058,-10.3630781176
125,0.1463525492,-0.3831559480,-0.7663118961,0.2368033989,8.1229924058,-21.2662702088,-11.9207427456
126,-0.1463525492,-0.8567627458,0.0000000000,-0.2368033989,-8.1229924058,-47.5528258148,-11.0596869165
127,-0.1463525492,0.6199593469,-0.1463525492,-0.6199593469,-8.1229924058,34.4095480118,-33.3435077797
128,0.3831559480,-0.2368033989,-0.7663118961,-0.1463525492,21.2662702088,-13.1432778030,-29.8156920814
129,0.0000000000,-0.7663118961,0.4736067977,0.0000000000,0.0000000000,-42.5325404176,14.2026866072
130,-0.1463525492,0.2368033989,-0.3831559480,-0.7663118961,-8.1229924058,13.1432778030,-47.2801135026
131,0.6199593469,0.1463525492,0.1463525492,-0.6199593469,34.4095480118,8.1229924058,-24.5657647249
132,-0.2368033989,0.1463525492,0.0000000000,0.8567627458,-13.1432778030,8.1229924058,40.0143231687
133,-0.3831559480,-0.7663118961,0.1463525492,-0.2368033989,-21.2662702088,-42.5325404176,-6.6708153891
134,0.2368033989,0.4736067977,-0.3831559480,0.6199593469,13.1432778030,26.2865556060,17.4644214212
135,-0.2368033989,-0.1463525492,0.0000000000,-0.8567627458,-13.1432778030,-8.1229924058,-40.0143231687
136,0.4736067977,0.6199593469,-0.3831559480,0.2368033989,26.2865556060,34.4095480118,-0.4305279146
137,0.8567627458,-0.1463525492,0.2368033989,0.0000000000,47.5528258148,-8.1229924058,7.1013433036
138,-0.1463525492,-0.6199593469,-0.1463525492,-0.6199593469,-8.1229924058,-34.4095480118,-33.3435077797
139,-0.7663118961,-0.2368033989,0.1463525492,0.3831559480,-42.5325404176,-13.1432778030,22.2838208632
140,-0.2368033989,-0.4736067977,0.3831559480,-0.6199593469,-13.1432778030,-26.2865556060,-17.4644214212
141,0.1463525492,0.1463525492,0.6199593469,0.6199593469,8.1229924058,8.1229924058,47.5461943869
142,-0.3831559480,-0.2368033989,0.4736067977,0.6199593469,-21.2662702088,-13.1432778030,43.1573228595
143,-0.1463525492,0.1463525492,-0.6199593469,-0.6199593469,-8.1229924058,8.1229924058,-47.5461943869
144,-0.4736067977,-0.6199593469,0.3831559480,-0.2368033989,-26.2865556060,-34.4095480118,0.4305279146
145,0.3831559480,-0.7663118961,-0.1463525492,0.2368033989,21.2662702088,-42.5325404176,6.6708153891
146,-0.6199593469,-0.6199593469,-0.1463525492,-0.1463525492,-34.4095480118,-34.4095480118,-11.2241339467
147,-0.2368033989,0.1463525492,0.7663118961,0.3831559480,-13.1432778030,8.1229924058,40.8753789979
148,-0.6199593469,0.6199593469,-0.1463525492,0.1463525492,-34.4095480118,34.4095480118,2.4463908919
149,-0.6199593469,-0.4736067977,-0.2368033989,0.3831559480,-34.4095480118,-26.2865556060,10.7936060322
150,-0.7663118961,0.4736067977,0.0000000000,0.0000000000,-42.5325404176,26.2865556060,0.0000000000
151,0.6199593469,0.0000000000,-0.5295084972,0.3831559480,34.4095480118,0.0000000000,2.0158629773
152,0.5295084972,-0.3831559480,-0.6199593469,0.0000000000,29.3892626146,-21.2662702088,-18.5915581346
153,0.2368033989,-0.8567627458,-0.1463525492,0.0000000000,13.1432778030,-47.5528258148,-4.3888715274
154,-0.3831559480,0.1463525492,-0.2368033989,0.7663118961,-21.2662702088,8.1229924058,28.6885553680
155,0.4736067977,0.2368033989,0.6199593469,-0.3831559480,26.2865556060,13.1432778030,0.6966087989
156,0.2368033989,-0.1463525492,-0.7663118961,0.3831559480,13.1432778030,-8.1229924058,-5.0854803263
157,0.6199593469,-0.2368033989,0.3831559480,0.4736067977,34.4095480118,-13.1432778030,33.6095886640
158,-0.4736067977,0.6199593469,-0.3831559480,0.2368033989,-26.2865556060,34.4095480118,-0.4305279146
159,0.3831559480,-0.1463525492,0.2368033989,0.7663118961,21.2662702088,-8.1229924058,42.8912419752
160,0.7663118961,0.0000000000,0.0000000000,0.4736067977,42.5325404176,0.0000000000,22.1193738330
161,-0.6199593469,-0.6199593469,0.1463525492,-0.1463525492,-34.4095480118,-34.4095480118,-2.4463908919
162,0.6199593469,0.2368033989,-0.3831559480,0.4736067977,34.4095480118,13.1432778030,10.6291590019
163,0.7663118961,0.2368033989,0.1463525492,-0.3831559480,42.5325404176,13.1432778030,-13.5060778084
164,0.4736067977,0.6199593469,-0.3831559480,-0.2368033989,26.2865556060,34.4095480118,-22.5499017475
165,0.8567627458,-0.2368033989,0.0000000000,-0.1463525492,47.5528258148,-13.1432778030,-6.8352624193
166,0.6199593469,0.6199593469,0.1463525492,0.1463525492,34.4095480118,34.4095480118,11.2241339467
167,-0.6199593469,-0.2368033989,0.3831559480,-0.4736067977,-34.4095480118,-13.1432778030,-10.6291590019
168,0.3831559480,0.7663118961,0.1463525492,-0.2368033989,21.2662702088,42.5325404176,-6.6708153891
169,0.6199593469,-0.6199593469,-0.1463525492,0.1463525492,34.4095480118,-34.4095480118,2.4463908919
170,-0.2368033989,-0.1463525492,0.7663118961,0.3831559480,-13.1432778030,-8.1229924058,40.8753789979
171,-0.1463525492,-0.3831559480,0.7663118961,0.2368033989,-8.1229924058,-21.2662702088,34.0401165785
172,0.1463525492,0.6199593469,-0.6199593469,-0.1463525492,8.1229924058,34.4095480118,-25.4268205540
173,0.5295084972,0.3831559480,-0.6199593469,0.0000000000,29.3892626146,21.2662702088,-18.5915581346
174,-0.6199593469,0.2368033989,-0.3831559480,-0.4736067977,-34.4095480118,13.1432778030,-33.6095886640
175,-0.1463525492,-0.1463525492,-0.6199593469,0.6199593469,-8.1229924058,-8.1229924058,10.3630781176
176,-0.8567627458,0.2368033989,0.0000000000,0.1463525492,-47.5528258148,13.1432778030,6.8352624193
177,-0.1463525492,-0.6199593469,-0.1463525492,0.6199593469,-8.1229924058,-34.4095480118,24.5657647249
178,-0.4736067977,0.2368033989,0.6199593469,-0.3831559480,-26.2865556060,13.1432778030,0.6966087989
179,-0.2368033989,0.7663118961,-0.3831559480,0.1463525492,-13.1432778030,42.5325404176,-4.6549524117
180,0.1463525492,0.7663118961,-0.2368033989,0.3831559480,8.1229924058,42.5325404176,10.7936060322
181,0.1463525492,0.0000000000,-0.2368033989,-0.8567627458,8.1229924058,0.0000000000,-47.1156664724
182,-0.7663118961,0.1463525492,-0.3831559480,-0.2368033989,-42.5325404176,8.1229924058,-22.5499017475
183,-0.1463525492,0.6199593469,0.1463525492,0.6199593469,-8.1229924058,34.4095480118,33.3435077797
184,0.6199593469,-0.1463525492,-0.6199593469,0.1463525492,34.4095480118,-8.1229924058,-11.7562957153
185,0.6199593469,-0.1463525492,-0.1463525492,-0.6199593469,34.4095480118,-8.1229924058,-33.3435077797
186,-0.2368033989,0.3831559480,0.1463525492,-0.7663118961,-13.1432778030,21.2662702088,-31.4010271442
187,-0.1463525492,0.0000000000,0.2368033989,-0.8567627458,-8.1229924058,0.0000000000,-32.9129798651
188,-0.3831559480,-0.2368033989,-0.7663118961,-0.1463525492,-21.2662702088,-13.1432778030,-29.8156920814
189,0.1463525492,0.2368033989,-0.3831559480,-0.7663118961,8.1229924058,13.1432778030,-47.2801135026
190,0.2368033989,0.3831559480,-0.6199593469,-0.4736067977,13.1432778030,21.2662702088,-40.7109319676
191,0.2368033989,0.6199593469,0.4736067977,0.3831559480,13.1432778030,34.4095480118,32.0976359430
192,-0.2368033989,-0.4736067977,0.3831559480,0.6199593469,-13.1432778030,-26.2865556060,40.4448510833
193,0.4736067977,0.3831559480,0.2368033989,0.6199593469,26.2865556060,21.2662702088,36.0559795559
194,0.6199593469,-0.1463525492,0.1463525492,0.6199593469,34.4095480118,-8.1229924058,33.3435077797
195,0.2368033989,0.7663118961,-0.3831559480,-0.1463525492,13.1432778030,42.5325404176,-18.3254772503
196,0.8567627458,0.0000000000,-0.1463525492,0.2368033989,47.5528258148,0.0000000000,6.6708153891
197,0.5295084972,-0.3831559480,0.6199593469,0.0000000000,29.3892626146,-21.2662702088,18.5915581346
198,-0.1463525492,0.3831559480,-0.7663118961,-0.2368033989,-8.1229924058,21.2662702088,-34.0401165785
199,0.1463525492,-0.6199593469,0.6199593469,-0.1463525492,8.1229924058,-34.4095480118,11.7562957153
200,0.0000000000,0.3831559480,0.5295084972,0.6199593469,0.0000000000,21.2662702088,44.8337226107
201,-0.1463525492,-0.1463525492,0.6199593469,0.6199593469,-8.1229924058,-8.1229924058,47.5461943869
202,-0.7663118961,0.3831559480,-0.2368033989,0.1463525492,-42.5325404176,21.2662702088,-0.2660808843
203,-0.6199593469,-0.3831559480,0.0000000000,-0.5295084972,-34.4095480118,-21.2662702088,-24.7302117551
204,-0.5295084972,0.6199593469,0.0000000000,0.3831559480,-29.3892626146,34.4095480118,17.8949493358
205,-0.3831559480,0.6199593469,0.2368033989,-0.4736067977,-21.2662702088,34.4095480118,-15.0180305293
206,-0.6199593469,-0.1463525492,0.6199593469,0.1463525492,-34.4095480118,-8.1229924058,25.4268205540
207,0.0000000000,-0.8567627458,0.2368033989,-0.1463525492,0.0000000000,-47.5528258148,0.2660808843
208,0.2368033989,0.1463525492,0.0000000000,-0.8567627458,13.1432778030,8.1229924058,-40.0143231687
209,-0.6199593469,0.3831559480,-0.4736067977,0.2368033989,-34.4095480118,21.2662702088,-3.1429996908
210,0.6199593469,0.4736067977,-0.2368033989,0.3831559480,34.4095480118,26.2865556060,10.7936060322
211,0.2368033989,-0.3831559480,0.1463525492,0.7663118961,13.1432778030,-21.2662702088,40.1787701990
212,0.6199593469,0.4736067977,0.2368033989,-0.3831559480,34.4095480118,26.2865556060,-10.7936060322
213,-0.6199593469,0.1463525492,-0.1463525492,-0.6199593469,-34.4095480118,8.1229924058,-33.3435077797
214,-0.3831559480,0.6199593469,-0.2368033989,0.4736067977,-21.2662702088,34.4095480118,15.0180305293
215,0.7663118961,-0.3831559480,0.2368033989,-0.1463525492,42.5325404176,-21.2662702088,0.2660808843
216,0.7663118961,-0.2368033989,-0.1463525492,-0.3831559480,42.5325404176,-13.1432778030,-22.2838208632
217,-0.2368033989,-0.7663118961,0.3831559480,-0.1463525492,-13.1432778030,-42.5325404176,4.6549524117
218,0.1463525492,-0.1463525492,0.6199593469,0.6199593469,8.1229924058,-8.1229924058,47.5461943869
219,0.6199593469,0.1463525492,0.6199593469,0.1463525492,34.4095480118,8.1229924058,25.4268205540
220,0.3831559480,0.4736067977,0.6199593469,0.2368033989,21.2662702088,26.2865556060,29.6512450511
221,-0.5295084972,-0.6199593469,0.0000000000,-0.3831559480,-29.3892626146,-34.4095480118,-17.8949493358
222,0.7663118961,0.1463525492,0.3831559480,-0.2368033989,42.5325404176,8.1229924058,0.4305279146
223,0.0000000000,0.0000000000,-0.4736067977,-0.7663118961,0.0000000000,0.0000000000,-49.9925852788
224,0.7663118961,-0.3831559480,0.2368033989,0.1463525492,42.5325404176,-21.2662702088,13.9366057229
225,0.6199593469,-0.1463525492,0.6199593469,0.1463525492,34.4095480118,-8.1229924058,25.4268205540
226,-0.3831559480,-0.1463525492,0.2368033989,0.7663118961,-21.2662702088,-8.1229924058,42.8912419752
227,0.3831559480,0.2368033989,-0.7663118961,0.1463525492,21.2662702088,13.1432778030,-16.1451672427
228,0.2368033989,0.1463525492,-0.7663118961,-0.3831559480,13.1432778030,8.1229924058,-40.8753789979
229,-0.4736067977,0.6199593469,-0.3831559480,-0.2368033989,-26.2865556060,34.4095480118,-22.5499017475
230,-0.6199593469,0.4736067977,-0.2368033989,-0.3831559480,-34.4095480118,26.2865556060,-24.9962926394
231,0.0000000000,-0.5295084972,-0.6199593469,-0.3831559480,0.0000000000,-29.3892626146,-36.4865074704
232,-0.1463525492,0.7663118961,-0.2368033989,0.3831559480,-8.1229924058,42.5325404176,10.7936060322
233,-0.3831559480,-0.2368033989,0.7663118961,0.1463525492,-21.2662702088,-13.1432778030,29.8156920814
234,-0.6199593469,0.1463525492,0.1463525492,0.6199593469,-34.4095480118,8.1229924058,33.3435077797
235,0.0000000000,0.7663118961,-0.4736067977,0.0000000000,0.0000000000,42.5325404176,-14.2026866072
236,0.2368033989,-0.7663118961,0.3831559480,0.1463525492,13.1432778030,-42.5325404176,18.3254772503
237,-0.6199593469,0.5295084972,-0.3831559480,0.0000000000,-34.4095480118,29.3892626146,-11.4902148310
238,0.0000000000,-0.6199593469,-0.3831559480,-0.5295084972,0.0000000000,-34.4095480118,-36.2204265861
239,-0.7663118961,0.3831559480,-0.2368033989,-0.1463525492,-42.5325404176,21.2662702088,-13.9366057229
240,0.6199593469,0.5295084972,-0.3831559480,0.0000000000,34.4095480118,29.3892626146,-11.4902148310
241,0.0000000000,-0.2368033989,0.1463525492,-0.8567627458,0.0000000000,-13.1432778030,-35.6254516413
242,-0.1463525492,0.2368033989,0.3831559480,0.7663118961,-8.1229924058,13.1432778030,47.2801135026
243,0.1463525492,0.2368033989,0.3831559480,-0.7663118961,8.1229924058,13.1432778030,-24.2996838406
244,0.8567627458,0.2368033989,0.0000000000,0.1463525492,47.5528258148,13.1432778030,6.8352624193
245,-0.4736067977,0.0000000000,0.0000000000,-0.7663118961,-26.2865556060,0.0000000000,-35.7898986716
246,-0.3831559480,-0.7663118961,-0.1463525492,0.2368033989,-21.2662702088,-42.5325404176,6.6708153891
247,0.0000000000,0.4736067977,0.7663118961,0.0000000000,0.0000000000,26.2865556060,22.9804296621
248,0.2368033989,-0.3831559480,-0.6199593469,-0.4736067977,13.1432778030,-21.2662702088,-40.7109319676
249,0.6199593469,0.0000000000,-0.5295084972,-0.3831559480,34.4095480118,0.0000000000,-33.7740356942
250,0.4736067977,-0.3831559480,0.2368033989,0.6199593469,26.2865556060,-21.2662702088,36.0559795559
251,0.2368033989,0.3831559480,0.6199593469,0.4736067977,13.1432778030,21.2662702088,40.7109319676
252,0.3831559480,-0.1463525492,-0.2368033989,-0.7663118961,21.2662702088,-8.1229924058,-42.8912419752
253,0.4736067977,0.2368033989,0.6199593469,0.3831559480,26.2865556060,13.1432778030,36.4865074704
254,0.1463525492,0.2368033989,0.8567627458,0.0000000000,8.1229924058,13.1432778030,25.6929014383
255,-0.7663118961,-0.3831559480,-0.2368033989,-0.1463525492,-42.5325404176,-21.2662702088,-13.9366057229
256,0.3831559480,0.1463525492,-0.2368033989,0.7663118961,21.2662702088,8.1229924058,28.6885553680
257,0.0000000000,0.5295084972,0.6199593469,0.3831559480,0.0000000000,29.3892626146,36.4865074704
258,0.7663118961,-0.4736067977,0.0000000000,0.0000000000,42.5325404176,-26.2865556060,0.0000000000
259,-0.6199593469,0.3831559480,0.4736067977,0.2368033989,-34.4095480118,21.2662702088,25.2623735237
260,0.2368033989,-0.1463525492,-0.7663118961,-0.3831559480,13.1432778030,-8.1229924058,-40.8753789979
261,0.1463525492,0.6199593469,-0.6199593469,0.1463525492,8.1229924058,34.4095480118,-11.7562957153
262,-0.2368033989,0.8567627458,-0.1463525492,0.0000000000,-13.1432778030,47.5528258148,-4.3888715274
263,-0.3831559480,0.0000000000,0.6199593469,0.5295084972,-21.2662702088,0.0000000000,43.3217698898
264,-0.1463525492,-0.3831559480,-0.7663118961,-0.2368033989,-8.1229924058,-21.2662702088,-34.0401165785
265,0.6199593469,0.1463525492,-0.6199593469,-0.1463525492,34.4095480118,8.1229924058,-25.4268205540
266,0.2368033989,0.3831559480,0.1463525492,0.7663118961,13.1432778030,21.2662702088,40.1787701990
267,-0.7663118961,-0.2368033989,0.1463525492,-0.3831559480,-42.5325404176,-13.1432778030,-13.5060778084
268,-0.2368033989,-0.3831559480,-0.1463525492,0.7663118961,-13.1432778030,-21.2662702088,31.4010271442
269,-0.2368033989,0.3831559480,-0.6199593469,0.4736067977,-13.1432778030,21.2662702088,3.5278156983
270,-0.6199593469,-0.3831559480,-0.4736067977,0.2368033989,-34.4095480118,-21.2662702088,-3.1429996908
271,-0.1463525492,-0.7663118961,0.2368033989,-0.3831559480,-8.1229924058,-42.5325404176,-10.7936060322
272,-0.2368033989,0.1463525492,0.7663118961,-0.3831559480,-13.1432778030,8.1229924058,5.0854803263
273,-0.6199593469,0.3831559480,0.0000000000,-0.5295084972,-34.4095480118,21.2662702088,-24.7302117551
274,0.7663118961,0.1463525492,0.3831559480,0.2368033989,42.5325404176,8.1229924058,22.5499017475
275,-0.5295084972,0.0000000000,-0.3831559480,-0.6199593469,-29.3892626146,0.0000000000,-40.4448510833
276,0.7663118961,-0.1463525492,-0.3831559480,-0.2368033989,42.5325404176,-8.1229924058,-22.5499017475
277,0.2368033989,0.0000000000,-0.8567627458,-0.1463525492,13.1432778030,0.0000000000,-32.5281638576
278,0.4736067977,-0.6199593469,-0.3831559480,0.2368033989,26.2865556060,-34.4095480118,-0.4305279146
279,0.3831559480,0.2368033989,0.7663118961,-0.1463525492,21.2662702088,13.1432778030,16.1451672427
280,0.7663118961,0.3831559480,0.2368033989,0.1463525492,42.5325404176,21.2662702088,13.9366057229
281,0.3831559480,0.6199593469,0.2368033989,0.4736067977,21.2662702088,34.4095480118,29.2207171366
282,0.0000000000,0.1463525492,0.8567627458,0.2368033989,0.0000000000,8.1229924058,36.7525883547
283,0.2368033989,0.0000000000,0.8567627458,0.1463525492,13.1432778030,0.0000000000,32.5281638576
284,-0.6199593469,0.3831559480,-0.4736067977,-0.2368033989,-34.4095480118,21.2662702088,-25.2623735237
285,0.3831559480,-0.5295084972,0.0000000000,0.6199593469,21.2662702088,-29.3892626146,28.9546362523
286,0.7663118961,-0.2368033989,-0.1463525492,0.3831559480,42.5325404176,-13.1432778030,13.5060778084
287,-0.2368033989,0.6199593469,-0.4736067977,-0.3831559480,-13.1432778030,34.4095480118,-32.0976359430
288,-0.1463525492,0.7663118961,-0.2368033989,-0.3831559480,-8.1229924058,42.5325404176,-24.9962926394
289,0.0000000000,0.5295084972,-0.6199593469,0.3831559480,0.0000000000,29.3892626146,-0.6966087989
290,-0.6199593469,0.0000000000,0.5295084972,-0.3831559480,-34.4095480118,0.0000000000,-2.0158629773
291,-0.6199593469,0.3831559480,0.4736067977,-0.2368033989,-34.4095480118,21.2662702088,3.1429996908
292,0.1463525492,-0.8567627458,0.0000000000,-0.2368033989,8.1229924058,-47.5528258148,-11.0596869165
293,0.3831559480,0.4736067977,0.6199593469,-0.2368033989,21.2662702088,26.2865556060,7.5318712182
294,-0.2368033989,-0.1463525492,-0.7663118961,-0.3831559480,-13.1432778030,-8.1229924058,-40.8753789979
295,-0.3831559480,0.4736067977,0.6199593469,0.2368033989,-21.2662702088,26.2865556060,29.6512450511
296,-0.2368033989,0.6199593469,0.4736067977,-0.3831559480,-13.1432778030,34.4095480118,-3.6922627286
297,0.0000000000,-0.6199593469,0.3831559480,0.5295084972,0.0000000000,-34.4095480118,36.2204265861
298,-0.3831559480,0.7663118961,0.1463525492,-0.2368033989,-21.2662702088,42.5325404176,-6.6708153891
299,-0.4736067977,-0.6199593469,-0.3831559480,0.2368033989,-26.2865556060,-34.4095480118,-0.4305279146
300,0.5295084972,0.0000000000,0.3831559480,0.6199593469,29.3892626146,0.0000000000,40.4448510833
301,-0.5295084972,-0.3831559480,0.6199593469,0.0000000000,-29.3892626146,-21.2662702088,18.5915581346
302,-0.3831559480,0.1463525492,0.2368033989,-0.7663118961,-21.2662702088,8.1229924058,-28.6885553680
303,0.8567627458,0.1463525492,0.2368033989,0.0000000000,47.5528258148,8.1229924058,7.1013433036
304,0.7663118961,-0.2368033989,0.1463525492,0.3831559480,42.5325404176,-13.1432778030,22.2838208632
305,-0.3831559480,-0.1463525492,-0.2368033989,-0.7663118961,-21.2662702088,-8.1229924058,-42.8912419752
306,0.0000000000,0.2368033989,-0.1463525492,0.8567627458,0.0000000000,13.1432778030,35.6254516413
307,0.3831559480,0.6199593469,-0.2368033989,-0.4736067977,21.2662702088,34.4095480118,-29.2207171366
308,0.4736067977,-0.6199593469,-0.3831559480,-0.2368033989,26.2865556060,-34.4095480118,-22.5499017475
309,0.2368033989,-0.3831559480,0.6199593469,0.4736067977,13.1432778030,-21.2662702088,40.7109319676
310,0.1463525492,0.7663118961,-0.2368033989,-0.3831559480,8.1229924058,42.5325404176,-24.9962926394
311,0.1463525492,0.1463525492,-0.6199593469,-0.6199593469,8.1229924058,8.1229924058,-47.5461943869
312,0.3831559480,-0.7663118961,0.1463525492,0.2368033989,21.2662702088,-42.5325404176,15.4485584439
313,0.3831559480,-0.6199593469,0.5295084972,0.0000000000,21.2662702088,-34.4095480118,15.8790863584
314,-0.3831559480,-0.7663118961,-0.1463525492,-0.2368033989,-21.2662702088,-42.5325404176,-15.4485584439
315,0.6199593469,-0.3831559480,0.0000000000,0.5295084972,34.4095480118,-21.2662702088,24.7302117551
316,-0.2368033989,-0.3831559480,0.1463525492,-0.7663118961,-13.1432778030,-21.2662702088,-31.4010271442
317,-0.4736067977,0.2368033989,0.6199593469,0.3831559480,-26.2865556060,13.1432778030,36.4865074704
318,-0.1463525492,0.8567627458,0.0000000000,0.2368033989,-8.1229924058,47.5528258148,11.0596869165
319,-0.6199593469,0.2368033989,0.3831559480,0.4736067977,-34.4095480118,13.1432778030,33.6095886640
320,0.0000000000,0.8567627458,-0.2368033989,-0.1463525492,0.0000000000,47.5528258148,-13.9366057229
321,-0.2368033989,0.4736067977,0.3831559480,-0.6199593469,-13.1432778030,26.2865556060,-17.4644214212
322,0.0000000000,0.0000000000,0.4736067977,-0.7663118961,0.0000000000,0.0000000000,-21.5872120644
323,-0.1463525492,0.6199593469,-0.6199593469,-0.1463525492,-8.1229924058,34.4095480118,-25.4268205540
324,0.2368033989,-0.8567627458,0.1463525492,0.0000000000,13.1432778030,-47.5528258148,4.3888715274
325,-0.3831559480,0.4736067977,0.6199593469,-0.2368033989,-21.2662702088,26.2865556060,7.5318712182
326,-0.2368033989,-0.3831559480,-0.6199593469,0.4736067977,-13.1432778030,-21.2662702088,3.5278156983
327,0.6199593469,0.2368033989,0.3831559480,-0.4736067977,34.4095480118,13.1432778030,-10.6291590019
328,0.3831559480,0.2368033989,0.4736067977,-0.6199593469,21.2662702088,13.1432778030,-14.7519496450
329,-0.8567627458,-0.2368033989,0.0000000000,-0.1463525492,-47.5528258148,-13.1432778030,-6.8352624193
330,-0.6199593469,0.4736067977,-0.2368033989,0.3831559480,-34.4095480118,26.2865556060,10.7936060322
331,0.2368033989,0.1463525492,-0.7663118961,0.3831559480,13.1432778030,8.1229924058,-5.0854803263
332,-0.1463525492,-0.2368033989,-0.8567627458,0.0000000000,-8.1229924058,-13.1432778030,-25.6929014383
333,0.5295084972,0.6199593469,0.0000000000,-0.3831559480,29.3892626146,34.4095480118,-17.8949493358
334,0.3831559480,-0.2368033989,0.7663118961,0.1463525492,21.2662702088,-13.1432778030,29.8156920814
335,-0.1463525492,0.0000000000,-0.2368033989,0.8567627458,-8.1229924058,0.0000000000,32.9129798651
336,-0.6199593469,-0.3831559480,-0.4736067977,-0.2368033989,-34.4095480118,-21.2662702088,-25.2623735237
337,0.6199593469,-0.6199593469,0.1463525492,0.1463525492,34.4095480118,-34.4095480118,11.2241339467
338,0.0000000000,0.7663118961,0.4736067977,0.0000000000,0.0000000000,42.5325404176,14.2026866072
339,-0.2368033989,0.3831559480,0.6199593469,-0.4736067977,-13.1432778030,21.2662702088,-3.5278156983
340,-0.6199593469,-0.3831559480,0.4736067977,-0.2368033989,-34.4095480118,-21.2662702088,3.1429996908
341,-0.1463525492,0.2368033989,-0.3831559480,0.7663118961,-8.1229924058,13.1432778030,24.2996838406
342,-0.3831559480,-0.6199593469,0.2368033989,-0.4736067977,-21.2662702088,-34.4095480118,-15.0180305293
343,-0.1463525492,0.3831559480,0.7663118961,0.2368033989,-8.1229924058,21.2662702088,34.0401165785
344,0.7663118961,0.1463525492,-0.3831559480,-0.2368033989,42.5325404176,8.1229924058,-22.5499017475
345,0.1463525492,0.6199593469,0.1463525492,0.6199593469,8.1229924058,34.4095480118,33.3435077797
346,-0.8567627458,0.0000000000,-0.1463525492,0.2368033989,-47.5528258148,0.0000000000,6.6708153891
347,-0.3831559480,-0.6199593469,-0.2368033989,0.4736067977,-21.2662702088,-34.4095480118,15.0180305293
348,0.3831559480,-0.4736067977,-0.6199593469,0.2368033989,21.2662702088,-26.2865556060,-7.5318712182
349,-0.2368033989,0.3831559480,0.1463525492,0.7663118961,-13.1432778030,21.2662702088,40.1787701990
350,0.1463525492,0.6199593469,-0.1463525492,0.6199593469,8.1229924058,34.4095480118,24.5657647249
351,-0.6199593469,-0.6199593469,-0.1463525492,0.1463525492,-34.4095480118,-34.4095480118,2.4463908919
352,0.3831559480,0.7663118961,-0.1463525492,0.2368033989,21.2662702088,42.5325404176,6.6708153891
353,0.6199593469,-0.4736067977,0.2368033989,0.3831559480,34.4095480118,-26.2865556060,24.9962926394
354,-0.6199593469,0.0000000000,-0.5295084972,0.3831559480,-34.4095480118,0.0000000000,2.0158629773
355,-0.3831559480,0.0000000000,-0.6199593469,-0.5295084972,-21.2662702088,0.0000000000,-43.3217698898
356,0.0000000000,0.4736067977,0.0000000000,-0.7663118961,0.0000000000,26.2865556060,-35.7898986716
357,0.0000000000,-0.1463525492,-0.8567627458,-0.2368033989,0.0000000000,-8.1229924058,-36.7525883547
358,0.2368033989,-0.7663118961,-0.3831559480,0.1463525492,13.1432778030,-42.5325404176,-4.6549524117
359,0.2368033989,-0.1463525492,0.0000000000,0.8567627458,13.1432778030,-8.1229924058,40.0143231687
360,0.1463525492,-0.6199593469,0.6199593469,0.1463525492,8.1229924058,-34.4095480118,25.4268205540
361,-0.2368033989,-0.4736067977,-0.3831559480,-0.6199593469,-13.1432778030,-26.2865556060,-40.4448510833
362,-0.4736067977,-0.6199593469,-0.3831559480,-0.2368033989,-26.2865556060,-34.4095480118,-22.5499017475
363,-0.1463525492,-0.2368033989,0.3831559480,-0.7663118961,-8.1229924058,-13.1432778030,-24.2996838406
364,0.1463525492,-0.2368033989,0.3831559480,-0.7663118961,8.1229924058,-13.1432778030,-24.2996838406
365,-0.2368033989,0.4736067977,0.3831559480,0.6199593469,-13.1432778030,26.2865556060,40.4448510833
366,-0.4736067977,0.3831559480,-0.2368033989,-0.6199593469,-26.2865556060,21.2662702088,-36.0559795559
367,-0.3831559480,-0.4736067977,0.6199593469,-0.2368033989,-21.2662702088,-26.2865556060,7.5318712182
368,-0.6199593469,-0.1463525492,-0.1463525492,-0.6199593469,-34.4095480118,-8.1229924058,-33.3435077797
369,0.0000000000,0.0000000000,0.7663118961,0.4736067977,0.0000000000,0.0000000000,45.0998034950
370,0.0000000000,-0.8567627458,0.2368033989,0.1463525492,0.0000000000,-47.5528258148,13.9366057229
371,-0.6199593469,-0.4736067977,0.2368033989,-0.3831559480,-34.4095480118,-26.2865556060,-10.7936060322
372,0.4736067977,-0.2368033989,0.6199593469,-0.3831559480,26.2865556060,-13.1432778030,0.6966087989
373,-0.6199593469,0.5295084972,0.3831559480,0.0000000000,-34.4095480118,29.3892626146,11.4902148310
374,-0.2368033989,-0.4736067977,-0.3831559480,0.6199593469,-13.1432778030,-26.2865556060,17.4644214212
375,-0.5295084972,0.3831559480,0.6199593469,0.0000000000,-29.3892626146,21.2662702088,18.5915581346
376,0.1463525492,-0.6199593469,-0.6199593469,-0.1463525492,8.1229924058,-34.4095480118,-25.4268205540
377,-0.2368033989,0.7663118961,0.3831559480,-0.1463525492,-13.1432778030,42.5325404176,4.6549524117
378,0.0000000000,0.5295084972,0.6199593469,-0.3831559480,0.0000000000,29.3892626146,0.6966087989
379,0.4736067977,0.0000000000,-0.7663118961,0.0000000000,26.2865556060,0.0000000000,-22.9804296621
380,-0.8567627458,-0.1463525492,-0.2368033989,0.0000000000,-47.5528258148,-8.1229924058,-7.1013433036
381,-0.2368033989,0.6199593469,-0.4736067977,0.3831559480,-13.1432778030,34.4095480118,3.6922627286
382,0.3831559480,-0.4736067977,-0.6199593469,-0.2368033989,21.2662702088,-26.2865556060,-29.6512450511
383,-0.3831559480,-0.4736067977,-0.6199593469,0.2368033989,-21.2662702088,-26.2865556060,-7.5318712182
384,0.6199593469,-0.2368033989,-0.3831559480,0.4736067977,34.4095480118,-13.1432778030,10.6291590019
385,0.6199593469,-0.4736067977,-0.2368033989,-0.3831559480,34.4095480118,-26.2865556060,-24.9962926394
386,0.4736067977,0.0000000000,0.0000000000,-0.7663118961,26.2865556060,0.0000000000,-35.7898986716
387,-0.6199593469,-0.1463525492,-0.6199593469,0.1463525492,-34.4095480118,-8.1229924058,-11.7562957153
388,0.0000000000,0.8567627458,0.2368033989,0.1463525492,0.0000000000,47.5528258148,13.9366057229
389,0.1463525492,0.2368033989,-0.3831559480,0.7663118961,8.1229924058,13.1432778030,24.2996838406
390,-0.6199593469,-0.2368033989,-0.3831559480,-0.4736067977,-34.4095480118,-13.1432778030,-33.6095886640
391,0.7663118961,0.0000000000,0.4736067977,0.0000000000,42.5325404176,0.0000000000,14.2026866072
392,0.6199593469,0.6199593469,-0.1463525492,0.1463525492,34.4095480118,34.4095480118,2.4463908919
393,-0.2368033989,-0.3831559480,0.6199593469,-0.4736067977,-13.1432778030,-21.2662702088,-3.5278156983
394,-0.4736067977,-0.2368033989,0.6199593469,-0.3831559480,-26.2865556060,-13.1432778030,0.6966087989
395,-0.1463525492,-0.2368033989,0.8567627458,0.0000000000,-8.1229924058,-13.1432778030,25.6929014383
396,0.1463525492,-0.1463525492,0.6199593469,-0.6199593469,8.1229924058,-8.1229924058,-10.3630781176
397,0.7663118961,0.4736067977,0.0000000000,0.0000000000,42.5325404176,26.2865556060,0.0000000000
398,0.7663118961,0.3831559480,-0.2368033989,-0.1463525492,42.5325404176,21.2662702088,-13.9366057229
399,0.0000000000,-0.7663118961,0.0000000000,-0.4736067977,0.0000000000,-42.5325404176,-22.1193738330
400,0.0000000000,0.3831559480,0.5295084972,-0.6199593469,0.0000000000,21.2662702088,-13.0755498938
401,-0.3831559480,0.7663118961,-0.1463525492,0.2368033989,-21.2662702088,42.5325404176,6.6708153891
402,0.1463525492,0.2368033989,-0.8567627458,0.0000000000,8.1229924058,13.1432778030,-25.6929014383
403,-0.5295084972,-0.6199593469,0.0000000000,0.3831559480,-29.3892626146,-34.4095480118,17.8949493358
404,0.1463525492,0.0000000000,0.2368033989,0.8567627458,8.1229924058,0.0000000000,47.1156664724
405,0.0000000000,-0.4736067977,-0.7663118961,0.0000000000,0.0000000000,-26.2865556060,-22.9804296621
406,-0.1463525492,0.3831559480,0.7663118961,-0.2368033989,-8.1229924058,21.2662702088,11.9207427456
407,-0.3831559480,0.6199593469,0.5295084972,0.0000000000,-21.2662702088,34.4095480118,15.8790863584
408,0.4736067977,-0.3831559480,-0.2368033989,0.6199593469,26.2865556060,-21.2662702088,21.8532929487
409,0.6199593469,0.6199593469,-0.1463525492,-0.1463525492,34.4095480118,34.4095480118,-11.2241339467
410,0.3831559480,-0.6199593469,0.2368033989,0.4736067977,21.2662702088,-34.4095480118,29.2207171366
411,-0.1463525492,0.6199593469,0.1463525492,-0.6199593469,-8.1229924058,34.4095480118,-24.5657647249
412,-0.3831559480,0.2368033989,-0.7663118961,0.1463525492,-21.2662702088,13.1432778030,-16.1451672427
413,-0.1463525492,-0.2368033989,-0.3831559480,-0.7663118961,-8.1229924058,-13.1432778030,-47.2801135026
414,0.6199593469,-0.5295084972,-0.3831559480,0.0000000000,34.4095480118,-29.3892626146,-11.4902148310
415,0.2368033989,-0.1463525492,0.7663118961,-0.3831559480,13.1432778030,-8.1229924058,5.0854803263
416,0.5295084972,0.0000000000,-0.3831559480,0.6199593469,29.3892626146,0.0000000000,17.4644214212
417,-0.2368033989,-0.6199593469,-0.4736067977,-0.3831559480,-13.1432778030,-34.4095480118,-32.0976359430
418,0.0000000000,0.0000000000,-0.4736067977,0.7663118961,0.0000000000,0.0000000000,21.5872120644
419,0.4736067977,0.2368033989,-0.6199593469,-0.3831559480,26.2865556060,13.1432778030,-36.4865074704
420,-0.4736067977,-0.3831559480,-0.2368033989,-0.6199593469,-26.2865556060,-21.2662702088,-36.0559795559
421,-0.2368033989,0.8567627458,0.1463525492,0.0000000000,-13.1432778030,47.5528258148,4.3888715274
422,0.1463525492,-0.1463525492,-0.6199593469,0.6199593469,8.1229924058,-8.1229924058,10.3630781176
423,-0.2368033989,0.6199593469,0.4736067977,0.3831559480,-13.1432778030,34.4095480118,32.0976359430
424,-0.6199593469,-0.1463525492,0.1463525492,0.6199593469,-34.4095480118,-8.1229924058,33.3435077797
425,0.6199593469,0.1463525492,-0.6199593469,0.1463525492,34.4095480118,8.1229924058,-11.7562957153
426,0.0000000000,-0.1463525492,0.8567627458,-0.2368033989,0.0000000000,-8.1229924058,14.6332145218
427,-0.6199593469,0.6199593469,-0.1463525492,-0.1463525492,-34.4095480118,34.4095480118,-11.2241339467
428,-0.6199593469,0.0000000000,-0.5295084972,-0.3831559480,-34.4095480118,0.0000000000,-33.7740356942
429,0.2368033989,-0.4736067977,0.3831559480,-0.6199593469,13.1432778030,-26.2865556060,-17.4644214212
430,-0.2368033989,-0.6199593469,0.4736067977,-0.3831559480,-13.1432778030,-34.4095480118,-3.6922627286
431,-0.2368033989,0.0000000000,0.8567627458,-0.1463525492,-13.1432778030,0.0000000000,18.8576390189
432,0.3831559480,-0.7663118961,-0.1463525492,-0.2368033989,21.2662702088,-42.5325404176,-15.4485584439
433,0.5295084972,0.6199593469,0.0000000000,0.3831559480,29.3892626146,34.4095480118,17.8949493358
434,0.6199593469,0.6199593469,0.1463525492,-0.1463525492,34.4095480118,34.4095480118,-2.4463908919
435,0.0000000000,0.1463525492,-0.8567627458,0.2368033989,0.0000000000,8.1229924058,-14.6332145218
436,-0.4736067977,-0.3831559480,-0.2368033989,0.6199593469,-26.2865556060,-21.2662702088,21.8532929487
437,0.2368033989,0.0000000000,-0.8567627458,0.1463525492,13.1432778030,0.0000000000,-18.8576390189
438,0.1463525492,-0.3831559480,-0.7663118961,-0.2368033989,8.1229924058,-21.2662702088,-34.0401165785
439,0.3831559480,0.2368033989,0.7663118961,0.1463525492,21.2662702088,13.1432778030,29.8156920814
440,0.3831559480,-0.6199593469,-0.2368033989,-0.4736067977,21.2662702088,-34.4095480118,-29.2207171366
441,-0.1463525492,-0.7663118961,0.2368033989,0.3831559480,-8.1229924058,-42.5325404176,24.9962926394
442,-0.1463525492,-0.6199593469,0.1463525492,0.6199593469,-8.1229924058,-34.4095480118,33.3435077797
443,0.1463525492,-0.6199593469,-0.6199593469,0.1463525492,8.1229924058,-34.4095480118,-11.7562957153
444,0.2368033989,-0.4736067977,0.3831559480,0.6199593469,13.1432778030,-26.2865556060,40.4448510833
445,-0.3831559480,0.0000000000,-0.6199593469,0.5295084972,-21.2662702088,0.0000000000,6.1386536205
446,-0.2368033989,-0.1463525492,-0.7663118961,0.3831559480,-13.1432778030,-8.1229924058,-5.0854803263
447,0.7663118961,-0.1463525492,0.3831559480,-0.2368033989,42.5325404176,-8.1229924058,0.4305279146
448,0.0000000000,0.6199593469,0.3831559480,0.5295084972,0.0000000000,34.4095480118,36.2204265861
449,0.8567627458,-0.1463525492,-0.2368033989,0.0000000000,47.5528258148,-8.1229924058,-7.1013433036
450,0.6199593469,-0.1463525492,0.1463525492,-0.6199593469,34.4095480118,-8.1229924058,-24.5657647249
451,0.2368033989,0.7663118961,0.3831559480,0.1463525492,13.1432778030,42.5325404176,18.3254772503
452,0.6199593469,0.3831559480,0.0000000000,0.5295084972,34.4095480118,21.2662702088,24.7302117551
453,0.3831559480,-0.1463525492,-0.2368033989,0.7663118961,21.2662702088,-8.1229924058,28.6885553680
454,0.0000000000,-0.3831559480,0.5295084972,-0.6199593469,0.0000000000,-21.2662702088,-13.0755498938
455,-0.3831559480,-0.4736067977,-0.6199593469,-0.2368033989,-21.2662702088,-26.2865556060,-29.6512450511
456,0.7663118961,0.3831559480,-0.2368033989,0.1463525492,42.5325404176,21.2662702088,-0.2660808843
457,-0.1463525492,-0.1463525492,0.6199593469,-0.6199593469,-8.1229924058,-8.1229924058,-10.3630781176
458,-0.8567627458,0.1463525492,0.2368033989,0.0000000000,-47.5528258148,8.1229924058,7.1013433036
459,-0.1463525492,0.1463525492,0.6199593469,0.6199593469,-8.1229924058,8.1229924058,47.5461943869
460,-0.2368033989,-0.7663118961,-0.3831559480,-0.1463525492,-13.1432778030,-42.5325404176,-18.3254772503
461,-0.2368033989,-0.8567627458,-0.1463525492,0.0000000000,-13.1432778030,-47.5528258148,-4.3888715274
462,0.0000000000,-0.4736067977,0.0000000000,0.7663118961,0.0000000000,-26.2865556060,35.7898986716
463,0.0000000000,0.2368033989,0.1463525492,0.8567627458,0.0000000000,13.1432778030,44.4031946962
464,0.4736067977,-0.2368033989,0.6199593469,0.3831559480,26.2865556060,-13.1432778030,36.4865074704
465,0.0000000000,0.2368033989,-0.1463525492,-0.8567627458,0.0000000000,13.1432778030,-44.4031946962
466,-0.4736067977,-0.7663118961,0.0000000000,0.0000000000,-26.2865556060,-42.5325404176,0.0000000000
467,0.0000000000,-0.5295084972,-0.6199593469,0.3831559480,0.0000000000,-29.3892626146,-0.6966087989
468,0.7663118961,-0.2368033989,0.1463525492,-0.3831559480,42.5325404176,-13.1432778030,-13.5060778084
469,-0.6199593469,-0.1463525492,-0.1463525492,0.6199593469,-34.4095480118,-8.1229924058,24.5657647249
470,0.1463525492,0.8567627458,0.0000000000,0.2368033989,8.1229924058,47.5528258148,11.0596869165
471,-0.7663118961,-0.1463525492,-0.3831559480,0.2368033989,-42.5325404176,-8.1229924058,-0.4305279146
472,-0.2368033989,-0.3831559480,-0.6199593469,-0.4736067977,-13.1432778030,-21.2662702088,-40.7109319676
473,-0.5295084972,0.0000000000,0.3831559480,0.6199593469,-29.3892626146,0.0000000000,40.4448510833
474,0.0000000000,0.8567627458,-0.2368033989,0.1463525492,0.0000000000,47.5528258148,-0.2660808843
475,0.1463525492,-0.2368033989,-0.3831559480,0.7663118961,8.1229924058,-13.1432778030,24.2996838406
476,-0.4736067977,0.2368033989,-0.6199593469,-0.3831559480,-26.2865556060,13.1432778030,-36.4865074704
477,0.1463525492,-0.7663118961,0.2368033989,-0.3831559480,8.1229924058,-42.5325404176,-10.7936060322
478,-0.4736067977,0.0000000000,0.7663118961,0.0000000000,-26.2865556060,0.0000000000,22.9804296621
479,-0.8567627458,-0.2368033989,0.0000000000,0.1463525492,-47.5528258148,-13.1432778030,6.8352624193
480,0.3831559480,-0.5295084972,0.0000000000,-0.6199593469,21.2662702088,-29.3892626146,-28.9546362523
481,-0.7663118961,0.2368033989,-0.1463525492,0.3831559480,-42.5325404176,13.1432778030,13.5060778084
482,-0.3831559480,0.5295084972,0.0000000000,0.6199593469,-21.2662702088,29.3892626146,28.9546362523
483,0.0000000000,-0.5295084972,0.6199593469,0.3831559480,0.0000000000,-29.3892626146,36.4865074704
484,0.0000000000,-0.3831559480,0.5295084972,0.6199593469,0.0000000000,-21.2662702088,44.8337226107
485,-0.6199593469,0.1463525492,-0.6199593469,-0.1463525492,-34.4095480118,8.1229924058,-25.4268205540
486,-0.6199593469,-0.3831559480,0.0000000000,0.5295084972,-34.4095480118,-21.2662702088,24.7302117551
487,-0.4736067977,0.0000000000,0.0000000000,0.7663118961,-26.2865556060,0.0000000000,35.7898986716
488,-0.7663118961,-0.3831559480,0.2368033989,0.1463525492,-42.5325404176,-21.2662702088,13.9366057229
489,0.5295084972,0.0000000000,0.3831559480,-0.6199593469,29.3892626146,0.0000000000,-17.4644214212
490,0.1463525492,0.0000000000,-0.2368033989,0.8567627458,8.1229924058,0.0000000000,32.9129798651
491,0.0000000000,0.6199593469,0.3831559480,-0.5295084972,0.0000000000,34.4095480118,-13.2399969241
492,-0.6199593469,0.2368033989,-0.3831559480,0.4736067977,-34.4095480118,13.1432778030,10.6291590019
493,0.3831559480,0.2368033989,-0.4736067977,-0.6199593469,21.2662702088,13.1432778030,-43.1573228595
494,-0.1463525492,0.0000000000,-0.2368033989,-0.8567627458,-8.1229924058,0.0000000000,-47.1156664724
495,0.1463525492,-0.2368033989,-0.3831559480,-0.7663118961,8.1229924058,-13.1432778030,-47.2801135026
496,0.7663118961,-0.3831559480,-0.2368033989,-0.1463525492,42.5325404176,-21.2662702088,-13.9366057229
497,0.8567627458,0.0000000000,-0.1463525492,-0.2368033989,47.5528258148,0.0000000000,-15.4485584439
498,0.6199593469,0.2368033989,-0.3831559480,-0.4736067977,34.4095480118,13.1432778030,-33.6095886640
499,-0.6199593469,-0.4736067977,0.2368033989,0.3831559480,-34.4095480118,-26.2865556060,24.9962926394
500,0.0000000000,-0.7663118961,0.0000000000,0.4736067977,0.0000000000,-42.5325404176,22.1193738330
501,0.1463525492,0.3831559480,0.7663118961,0.2368033989,8.1229924058,21.2662702088,34.0401165785
502,-0.1463525492,-0.3831559480,0.7663118961,-0.2368033989,-8.1229924058,-21.2662702088,11.9207427456
503,0.3831559480,0.6199593469,-0.5295084972,0.0000000000,21.2662702088,34.4095480118,-15.8790863584
504,-0.8567627458,0.0000000000,0.1463525492,0.2368033989,-47.5528258148,0.0000000000,15.4485584439
505,0.5295084972,-0.6199593469,0.0000000000,-0.3831559480,29.3892626146,-34.4095480118,-17.8949493358
506,-0.3831559480,-0.1463525492,-0.2368033989,0.7663118961,-21.2662702088,-8.1229924058,28.6885553680
507,0.0000000000,0.4736067977,-0.7663118961,0.0000000000,0.0000000000,26.2865556060,-22.9804296621
508,-0.2368033989,-0.6199593469,-0.4736067977,0.3831559480,-13.1432778030,-34.4095480118,3.6922627286
509,0.1463525492,-0.6199593469,-0.1463525492,-0.6199593469,8.1229924058,-34.4095480118,-33.3435077797
510,-0.6199593469,-0.6199593469,0.1463525492,0.1463525492,-34.4095480118,-34.4095480118,11.2241339467
511,0.3831559480,0.7663118961,0.1463525492,0.2368033989,21.2662702088,42.5325404176,15.4485584439
512,-0.1463525492,-0.8567627458,0.0000000000,0.2368033989,-8.1229924058,-47.5528258148,11.0596869165
513,0.0000000000,-0.8567627458,-0.2368033989,-0.1463525492,0.0000000000,-47.5528258148,-13.9366057229
514,0.0000000000,0.4736067977,0.0000000000,0.7663118961,0.0000000000,26.2865556060,35.7898986716
515,-0.2368033989,0.1463525492,0.0000000000,-0.8567627458,-13.1432778030,8.1229924058,-40.0143231687
516,0.3831559480,0.1463525492,-0.2368033989,-0.7663118961,21.2662702088,8.1229924058,-42.8912419752
517,-0.2368033989,-0.3831559480,0.1463525492,0.7663118961,-13.1432778030,-21.2662702088,40.1787701990
518,0.3831559480,0.4736067977,-0.6199593469,0.2368033989,21.2662702088,26.2865556060,-7.5318712182
519,-0.3831559480,-0.7663118961,0.1463525492,0.2368033989,-21.2662702088,-42.5325404176,15.4485584439
520,-0.5295084972,-0.3831559480,-0.6199593469,0.0000000000,-29.3892626146,-21.2662702088,-18.5915581346
521,0.0000000000,0.0000000000,0.4736067977,0.7663118961,0.0000000000,0.0000000000,49.9925852788
522,0.2368033989,-0.1463525492,0.0000000000,-0.8567627458,13.1432778030,-8.1229924058,-40.0143231687
523,0.4736067977,0.3831559480,-0.2368033989,-0.6199593469,26.2865556060,21.2662702088,-36.0559795559
524,0.3831559480,0.0000000000,-0.6199593469,-0.5295084972,21.2662702088,0.0000000000,-43.3217698898
525,0.6199593469,0.4736067977,0.2368033989,0.3831559480,34.4095480118,26.2865556060,24.9962926394
526,-0.4736067977,-0.2368033989,0.6199593469,0.3831559480,-26.2865556060,-13.1432778030,36.4865074704
527,-0.6199593469,-0.2368033989,0.3831559480,0.4736067977,-34.4095480118,-13.1432778030,33.6095886640
528,-0.7663118961,0.2368033989,0.1463525492,0.3831559480,-42.5325404176,13.1432778030,22.2838208632
529,0.6199593469,-0.1463525492,-0.6199593469,-0.1463525492,34.4095480118,-8.1229924058,-25.4268205540
530,0.1463525492,-0.6199593469,-0.1463525492,0.6199593469,8.1229924058,-34.4095480118,24.5657647249
531,0.2368033989,0.6199593469,-0.4736067977,-0.3831559480,13.1432778030,34.4095480118,-32.0976359430
532,0.1463525492,0.3831559480,-0.7663118961,-0.2368033989,8.1229924058,21.2662702088,-34.0401165785
533,0.0000000000,0.0000000000,-0.7663118961,-0.4736067977,0.0000000000,0.0000000000,-45.0998034950
534,0.7663118961,-0.3831559480,-0.2368033989,0.1463525492,42.5325404176,-21.2662702088,-0.2660808843
535,0.2368033989,0.1463525492,0.7663118961,0.3831559480,13.1432778030,8.1229924058,40.8753789979
536,-0.2368033989,0.1463525492,-0.7663118961,-0.3831559480,-13.1432778030,8.1229924058,-40.8753789979
537,-0.2368033989,0.4736067977,-0.3831559480,-0.6199593469,-13.1432778030,26.2865556060,-40.4448510833
538,0.6199593469,-0.2368033989,0.3831559480,-0.4736067977,34.4095480118,-13.1432778030,-10.6291590019
539,0.2368033989,0.3831559480,-0.1463525492,0.7663118961,13.1432778030,21.2662702088,31.4010271442
540,-0.1463525492,-0.6199593469,-0.6199593469,-0.1463525492,-8.1229924058,-34.4095480118,-25.4268205540
541,-0.3831559480,0.1463525492,0.2368033989,0.7663118961,-21.2662702088,8.1229924058,42.8912419752
542,-0.6199593469,0.4736067977,0.2368033989,-0.3831559480,-34.4095480118,26.2865556060,-10.7936060322
543,-0.2368033989,-0.7663118961,0.3831559480,0.1463525492,-13.1432778030,-42.5325404176,18.3254772503
544,0.3831559480,0.1463525492,0.2368033989,0.7663118961,21.2662702088,8.1229924058,42.8912419752
545,0.6199593469,-0.1463525492,0.6199593469,-0.1463525492,34.4095480118,-8.1229924058,11.7562957153
546,-0.2368033989,0.4736067977,-0.3831559480,0.6199593469,-13.1432778030,26.2865556060,17.4644214212
547,0.3831559480,0.2368033989,-0.4736067977,0.6199593469,21.2662702088,13.1432778030,14.7519496450
548,-0.1463525492,-0.6199593469,0.6199593469,0.1463525492,-8.1229924058,-34.4095480118,25.4268205540
549,0.2368033989,-0.3831559480,-0.1463525492,0.7663118961,13.1432778030,-21.2662702088,31.4010271442
550,0.2368033989,0.3831559480,-0.6199593469,0.4736067977,13.1432778030,21.2662702088,3.5278156983
551,0.8567627458,-0.2368033989,0.0000000000,0.1463525492,47.5528258148,-13.1432778030,6.8352624193
552,0.4736067977,0.2368033989,-0.6199593469,0.3831559480,26.2865556060,13.1432778030,-0.6966087989
553,0.3831559480,0.4736067977,-0.6199593469,-0.2368033989,21.2662702088,26.2865556060,-29.6512450511
554,-0.3831559480,0.4736067977,-0.6199593469,0.2368033989,-21.2662702088,26.2865556060,-7.5318712182
555,-0.3831559480,0.2368033989,-0.7663118961,-0.1463525492,-21.2662702088,13.1432778030,-29.8156920814
556,0.1463525492,0.6199593469,-0.1463525492,-0.6199593469,8.1229924058,34.4095480118,-33.3435077797
557,0.3831559480,0.2368033989,0.4736067977,0.6199593469,21.2662702088,13.1432778030,43.1573228595
558,0.1463525492,-0.3831559480,0.7663118961,0.2368033989,8.1229924058,-21.2662702088,34.0401165785
559,-0.2368033989,-0.6199593469,0.4736067977,0.3831559480,-13.1432778030,-34.4095480118,32.0976359430
560,0.0000000000,0.5295084972,-0.6199593469,-0.3831559480,0.0000000000,29.3892626146,-36.4865074704
561,0.8567627458,0.2368033989,0.0000000000,-0.1463525492,47.5528258148,13.1432778030,-6.8352624193
562,-0.6199593469,-0.5295084972,-0.3831559480,0.0000000000,-34.4095480118,-29.3892626146,-11.4902148310
563,0.3831559480,-0.2368033989,0.7663118961,-0.1463525492,21.2662702088,-13.1432778030,16.1451672427
564,0.6199593469,0.4736067977,-0.2368033989,-0.3831559480,34.4095480118,26.2865556060,-24.9962926394
565,0.1463525492,-0.2368033989,0.8567627458,0.0000000000,8.1229924058,-13.1432778030,25.6929014383
566,-0.3831559480,0.2368033989,-0.4736067977,-0.6199593469,-21.2662702088,13.1432778030,-43.1573228595
567,0.6199593469,0.1463525492,-0.1463525492,0.6199593469,34.4095480118,8.1229924058,24.5657647249
568,-0.3831559480,0.6199593469,0.2368033989,0.4736067977,-21.2662702088,34.4095480118,29.2207171366
569,0.0000000000,0.6199593469,-0.3831559480,0.5295084972,0.0000000000,34.4095480118,13.2399969241
570,0.2368033989,0.7663118961,-0.3831559480,0.1463525492,13.1432778030,42.5325404176,-4.6549524117
571,-0.3831559480,-0.2368033989,0.7663118961,-0.1463525492,-21.2662702088,-13.1432778030,16.1451672427
572,0.1463525492,0.0000000000,0.2368033989,-0.8567627458,8.1229924058,0.0000000000,-32.9129798651
573,-0.1463525492,0.6199593469,-0.6199593469,0.1463525492,-8.1229924058,34.4095480118,-11.7562957153
574,-0.7663118961,0.1463525492,-0.3831559480,0.2368033989,-42.5325404176,8.1229924058,-0.4305279146
575,-0.3831559480,0.2368033989,0.4736067977,-0.6199593469,-21.2662702088,13.1432778030,-14.7519496450
576,-0.2368033989,0.3831559480,-0.1463525492,-0.7663118961,-13.1432778030,21.2662702088,-40.1787701990
577,-0.1463525492,-0.2368033989,0.3831559480,0.7663118961,-8.1229924058,-13.1432778030,47.2801135026
578,0.1463525492,-0.2368033989,0.3831559480,0.7663118961,8.1229924058,-13.1432778030,47.2801135026
579,0.2368033989,0.6199593469,0.4736067977,-0.3831559480,13.1432778030,34.4095480118,-3.6922627286
580,0.4736067977,-0.7663118961,0.0000000000,0.0000000000,26.2865556060,-42.5325404176,0.0000000000
581,-0.4736067977,0.2368033989,-0.6199593469,0.3831559480,-26.2865556060,13.1432778030,-0.6966087989
582,0.6199593469,0.1463525492,0.1463525492,0.6199593469,34.4095480118,8.1229924058,33.3435077797
583,0.4736067977,0.3831559480,-0.2368033989,0.6199593469,26.2865556060,21.2662702088,21.8532929487
584,0.8567627458,0.0000000000,0.1463525492,0.2368033989,47.5528258148,0.0000000000,15.4485584439
585,0.6199593469,0.3831559480,-0.4736067977,0.2368033989,34.4095480118,21.2662702088,-3.1429996908
586,-0.3831559480,0.2368033989,-0.4736067977,0.6199593469,-21.2662702088,13.1432778030,14.7519496450
587,0.4736067977,-0.3831559480,-0.2368033989,-0.6199593469,26.2865556060,-21.2662702088,-36.0559795559
588,-0.2368033989,0.0000000000,-0.8567627458,-0.1463525492,-13.1432778030,0.0000000000,-32.5281638576
589,0.6199593469,0.5295084972,0.3831559480,0.0000000000,34.4095480118,29.3892626146,11.4902148310
590,0.6199593469,0.3831559480,0.4736067977,0.2368033989,34.4095480118,21.2662702088,25.2623735237
591,-0.3831559480,-0.5295084972,0.0000000000,-0.6199593469,-21.2662702088,-29.3892626146,-28.9546362523
592,-0.7663118961,0.2368033989,-0.1463525492,-0.3831559480,-42.5325404176,13.1432778030,-22.2838208632
593,0.2368033989,-0.1463525492,0.7663118961,0.3831559480,13.1432778030,-8.1229924058,40.8753789979
594,0.0000000000,0.1463525492,0.8567627458,-0.2368033989,0.0000000000,8.1229924058,14.6332145218
595,0.0000000000,0.3831559480,-0.5295084972,-0.6199593469,0.0000000000,21.2662702088,-44.8337226107
596,0.4736067977,0.0000000000,0.7663118961,0.0000000000,26.2865556060,0.0000000000,22.9804296621
597,-0.2368033989,0.0000000000,0.8567627458,0.1463525492,-13.1432778030,0.0000000000,32.5281638576
598,-0.1463525492,0.6199593469,0.6199593469,0.1463525492,-8.1229924058,34.4095480118,25.4268205540
599,-0.3831559480,0.6199593469,-0.2368033989,-0.4736067977,-21.2662702088,34.4095480118,-29.2207171366
600,-0.6199593469,0.1463525492,0.6199593469,0.1463525492,-34.4095480118,8.1229924058,25.4268205540
601,-0.1463525492,-0.1463525492,-0.6199593469,-0.6199593469,-8.1229924058,-8.1229924058,-47.5461943869
602,0.4736067977,0.0000000000,0.0000000000,0.7663118961,26.2865556060,0.0000000000,35.7898986716
603,-0.7663118961,0.0000000000,0.0000000000,-0.4736067977,-42.5325404176,0.0000000000,-22.1193738330
604,-0.6199593469,0.3831559480,0.0000000000,0.5295084972,-34.4095480118,21.2662702088,24.7302117551
605,0.1463525492,-0.7663118961,0.2368033989,0.3831559480,8.1229924058,-42.5325404176,24.9962926394
606,0.1463525492,-0.6199593469,0.1463525492,0.6199593469,8.1229924058,-34.4095480118,33.3435077797
607,0.3831559480,-0.2368033989,-0.7663118961,0.1463525492,21.2662702088,-13.1432778030,-16.1451672427
608,-0.4736067977,0.3831559480,-0.2368033989,0.6199593469,-26.2865556060,21.2662702088,21.8532929487
609,0.2368033989,0.4736067977,0.3831559480,-0.6199593469,13.1432778030,26.2865556060,-17.4644214212
610,-0.1463525492,-0.6199593469,0.6199593469,-0.1463525492,-8.1229924058,-34.4095480118,11.7562957153
611,-0.7663118961,0.3831559480,0.2368033989,-0.1463525492,-42.5325404176,21.2662702088,0.2660808843
612,0.3831559480,0.0000000000,0.6199593469,0.5295084972,21.2662702088,0.0000000000,43.3217698898
613,-0.7663118961,0.0000000000,-0.4736067977,0.0000000000,-42.5325404176,0.0000000000,-14.2026866072
614,0.2368033989,-0.3831559480,-0.6199593469,0.4736067977,13.1432778030,-21.2662702088,3.5278156983
615,-0.3831559480,0.1463525492,-0.2368033989,-0.7663118961,-21.2662702088,8.1229924058,-42.8912419752
616,0.0000000000,0.3831559480,-0.5295084972,0.6199593469,0.0000000000,21.2662702088,13.0755498938
617,0.8567627458,0.1463525492,-0.2368033989,0.0000000000,47.5528258148,8.1229924058,-7.1013433036
618,0.6199593469,0.3831559480,-0.4736067977,-0.2368033989,34.4095480118,21.2662702088,-25.2623735237
619,0.2368033989,-0.4736067977,-0.3831559480,-0.6199593469,13.1432778030,-26.2865556060,-40.4448510833
620,0.0000000000,-0.2368033989,-0.1463525492,0.8567627458,0.0000000000,-13.1432778030,35.6254516413
621,0.5295084972,0.0000000000,-0.3831559480,-0.6199593469,29.3892626146,0.0000000000,-40.4448510833
622,-0.6199593469,-0.5295084972,0.3831559480,0.0000000000,-34.4095480118,-29.3892626146,11.4902148310
623,-0.1463525492,0.3831559480,-0.7663118961,0.2368033989,-8.1229924058,21.2662702088,-11.9207427456
624,0.0000000000,0.7663118961,0.0000000000,-0.4736067977,0.0000000000,42.5325404176,-22.1193738330
625,0.2368033989,0.4736067977,0.3831559480,0.6199593469,13.1432778030,26.2865556060,40.4448510833
626,0.1463525492,-0.1463525492,-0.6199593469,-0.6199593469,8.1229924058,-8.1229924058,-47.5461943869
627,0.4736067977,0.6199593469,0.3831559480,0.2368033989,26.2865556060,34.4095480118,22.5499017475
628,-0.1463525492,-0.6199593469,0.1463525492,-0.6199593469,-8.1229924058,-34.4095480118,-24.5657647249
629,0.0000000000,-0.4736067977,0.7663118961,0.0000000000,0.0000000000,-26.2865556060,22.9804296621
630,-0.3831559480,0.0000000000,0.6199593469,-0.5295084972,-21.2662702088,0.0000000000,-6.1386536205
631,-0.2368033989,0.7663118961,-0.3831559480,-0.1463525492,-13.1432778030,42.5325404176,-18.3254772503
632,-0.1463525492,0.8567627458,0.0000000000,-0.2368033989,-8.1229924058,47.5528258148,-11.0596869165
633,-0.3831559480,0.4736067977,-0.6199593469,-0.2368033989,-21.2662702088,26.2865556060,-29.6512450511
634,0.1463525492,0.2368033989,0.3831559480,0.7663118961,8.1229924058,13.1432778030,47.2801135026
635,-0.3831559480,0.2368033989,0.4736067977,0.6199593469,-21.2662702088,13.1432778030,43.1573228595
636,-0.3831559480,0.2368033989,0.7663118961,0.1463525492,-21.2662702088,13.1432778030,29.8156920814
637,-0.2368033989,-0.8567627458,0.1463525492,0.0000000000,-13.1432778030,-47.5528258148,4.3888715274
638,0.2368033989,0.3831559480,0.6199593469,-0.4736067977,13.1432778030,21.2662702088,-3.5278156983
639,-0.1463525492,-0.2368033989,-0.3831559480,0.7663118961,-8.1229924058,-13.1432778030,24.2996838406
640,-0.6199593469,-0.1463525492,0.1463525492,-0.6199593469,-34.4095480118,-8.1229924058,-24.5657647249
641,0.0000000000,-0.3831559480,-0.5295084972,0.6199593469,0.0000000000,-21.2662702088,13.0755498938
642,0.6199593469,-0.5295084972,0.3831559480,0.0000000000,34.4095480118,-29.3892626146,11.4902148310
643,-0.3831559480,0.5295084972,0.0000000000,-0.6199593469,-21.2662702088,29.3892626146,-28.9546362523
644,0.0000000000,0.2368033989,0.1463525492,-0.8567627458,0.0000000000,13.1432778030,-35.6254516413
645,-0.5295084972,0.3831559480,-0.6199593469,0.0000000000,-29.3892626146,21.2662702088,-18.5915581346
646,0.2368033989,-0.7663118961,0.3831559480,-0.1463525492,13.1432778030,-42.5325404176,4.6549524117
647,-0.4736067977,0.7663118961,0.0000000000,0.0000000000,-26.2865556060,42.5325404176,0.0000000000
648,0.6199593469,-0.3831559480,-0.4736067977,0.2368033989,34.4095480118,-21.2662702088,-3.1429996908
649,-0.6199593469,0.6199593469,0.1463525492,-0.1463525492,-34.4095480118,34.4095480118,-2.4463908919
650,0.6199593469,0.0000000000,0.5295084972,0.3831559480,34.4095480118,0.0000000000,33.7740356942
651,-0.2368033989,0.1463525492,-0.7663118961,0.3831559480,-13.1432778030,8.1229924058,-5.0854803263
652,0.4736067977,-0.2368033989,-0.6199593469,-0.3831559480,26.2865556060,-13.1432778030,-36.4865074704
653,-0.3831559480,-0.6199593469,0.5295084972,0.0000000000,-21.2662702088,-34.4095480118,15.8790863584
654,-0.1463525492,0.1463525492,-0.6199593469,0.6199593469,-8.1229924058,8.1229924058,10.3630781176
655,0.3831559480,0.7663118961,-0.1463525492,-0.2368033989,21.2662702088,42.5325404176,-15.4485584439
656,0.0000000000,0.0000000000,-0.7663118961,0.4736067977,0.0000000000,0.0000000000,-0.8610558291
657,0.6199593469,-0.3831559480,0.4736067977,0.2368033989,34.4095480118,-21.2662702088,25.2623735237
658,0.6199593469,0.2368033989,0.3831559480,0.4736067977,34.4095480118,13.1432778030,33.6095886640
659,-0.2368033989,0.3831559480,-0.6199593469,-0.4736067977,-13.1432778030,21.2662702088,-40.7109319676
660,0.1463525492,-0.3831559480,0.7663118961,-0.2368033989,8.1229924058,-21.2662702088,11.9207427456
661,-0.7663118961,-0.1463525492,0.3831559480,0.2368033989,-42.5325404176,-8.1229924058,22.5499017475
662,-0.1463525492,0.7663118961,0.2368033989,0.3831559480,-8.1229924058,42.5325404176,24.9962926394
663,-0.6199593469,0.0000000000,0.5295084972,0.3831559480,-34.4095480118,0.0000000000,33.7740356942
664,-0.6199593469,-0.1463525492,0.6199593469,-0.1463525492,-34.4095480118,-8.1229924058,11.7562957153
665,0.2368033989,0.8567627458,-0.1463525492,0.0000000000,13.1432778030,47.5528258148,-4.3888715274
666,0.3831559480,-0.1463525492,0.2368033989,-0.7663118961,21.2662702088,-8.1229924058,-28.6885553680
667,0.0000000000,-0.3831559480,-0.5295084972,-0.6199593469,0.0000000000,-21.2662702088,-44.8337226107
668,-0.7663118961,0.2368033989,0.1463525492,-0.3831559480,-42.5325404176,13.1432778030,-13.5060778084
669,-0.6199593469,0.1463525492,-0.6199593469,0.1463525492,-34.4095480118,8.1229924058,-11.7562957153
670,0.6199593469,0.3831559480,0.4736067977,-0.2368033989,34.4095480118,21.2662702088,3.1429996908
671,-0.6199593469,0.2368033989,0.3831559480,-0.4736067977,-34.4095480118,13.1432778030,-10.6291590019
672,0.3831559480,0.6199593469,0.2368033989,-0.4736067977,21.2662702088,34.4095480118,-15.0180305293
673,-0.8567627458,0.0000000000,-0.1463525492,-0.2368033989,-47.5528258148,0.0000000000,-15.4485584439
674,0.2368033989,0.1463525492,0.7663118961,-0.3831559480,13.1432778030,8.1229924058,5.0854803263
675,0.4736067977,0.3831559480,0.2368033989,-0.6199593469,26.2865556060,21.2662702088,-21.8532929487
676,0.6199593469,-0.6199593469,0.1463525492,-0.1463525492,34.4095480118,-34.4095480118,-2.4463908919
677,-0.7663118961,0.0000000000,0.4736067977,0.0000000000,-42.5325404176,0.0000000000,14.2026866072
678,0.2368033989,-0.4736067977,-0.3831559480,0.6199593469,13.1432778030,-26.2865556060,17.4644214212
679,-0.1463525492,0.1463525492,0.6199593469,-0.6199593469,-8.1229924058,8.1229924058,-10.3630781176
680,0.3831559480,0.6199593469,-0.2368033989,0.4736067977,21.2662702088,34.4095480118,15.0180305293
681,0.6199593469,-0.3831559480,-0.4736067977,-0.2368033989,34.4095480118,-21.2662702088,-25.2623735237
682,0.2368033989,0.6199593469,-0.4736067977,0.3831559480,13.1432778030,34.4095480118,3.6922627286
683,0.6199593469,-0.6199593469,-0.1463525492,-0.1463525492,34.4095480118,-34.4095480118,-11.2241339467
684,0.8567627458,0.0000000000,0.1463525492,-0.2368033989,47.5528258148,0.0000000000,-6.6708153891
685,0.2368033989,-0.6199593469,-0.4736067977,-0.3831559480,13.1432778030,-34.4095480118,-32.0976359430
686,-0.2368033989,-0.7663118961,-0.3831559480,0.1463525492,-13.1432778030,-42.5325404176,-4.6549524117
687,-0.2368033989,-0.1463525492,0.0000000000,0.8567627458,-13.1432778030,-8.1229924058,40.0143231687
688,0.1463525492,-0.7663118961,-0.2368033989,0.3831559480,8.1229924058,-42.5325404176,10.7936060322
689,-0.6199593469,-0.1463525492,-0.6199593469,-0.1463525492,-34.4095480118,-8.1229924058,-25.4268205540
690,-0.1463525492,0.6199593469,-0.1463525492,0.6199593469,-8.1229924058,34.4095480118,24.5657647249
691,-0.4736067977,0.6199593469,0.3831559480,0.2368033989,-26.2865556060,34.4095480118,22.5499017475
692,-0.6199593469,0.4736067977,0.2368033989,0.3831559480,-34.4095480118,26.2865556060,24.9962926394
693,0.1463525492,-0.8567627458,0.0000000000,0.2368033989,8.1229924058,-47.5528258148,11.0596869165
694,0.2368033989,-0.3831559480,0.6199593469,-0.4736067977,13.1432778030,-21.2662702088,-3.5278156983
695,0.0000000000,-0.8567627458,-0.2368033989,0.1463525492,0.0000000000,-47.5528258148,-0.2660808843
696,-0.5295084972,0.0000000000,0.3831559480,-0.6199593469,-29.3892626146,0.0000000000,-17.4644214212
697,-0.4736067977,0.3831559480,0.2368033989,-0.6199593469,-26.2865556060,21.2662702088,-21.8532929487
698,0.2368033989,-0.7663118961,-0.3831559480,-0.1463525492,13.1432778030,-42.5325404176,-18.3254772503
699,0.4736067977,0.6199593469,0.3831559480,-0.2368033989,26.2865556060,34.4095480118,0.4305279146
700,0.6199593469,-0.1463525492,-0.1463525492,0.6199593469,34.4095480118,-8.1229924058,24.5657647249
701,-0.3831559480,0.7663118961,0.1463525492,0.2368033989,-21.2662702088,42.5325404176,15.4485584439
702,0.7663118961,-0.1463525492,-0.3831559480,0.2368033989,42.5325404176,-8.1229924058,-0.4305279146
703,0.7663118961,0.2368033989,0.1463525492,0.3831559480,42.5325404176,13.1432778030,22.2838208632
704,0.1463525492,0.6199593469,0.6199593469,-0.1463525492,8.1229924058,34.4095480118,11.7562957153
705,0.1463525492,0.7663118961,0.2368033989,-0.3831559480,8.1229924058,42.5325404176,-10.7936060322
706,0.5295084972,-0.6199593469,0.0000000000,0.3831559480,29.3892626146,-34.4095480118,17.8949493358
707,-0.1463525492,0.7663118961,0.2368033989,-0.3831559480,-8.1229924058,42.5325404176,-10.7936060322
708,-0.4736067977,-0.2368033989,-0.6199593469,-0.3831559480,-26.2865556060,-13.1432778030,-36.4865074704
709,0.0000000000,-0.6199593469,0.3831559480,-0.5295084972,0.0000000000,-34.4095480118,-13.2399969241
710,-0.2368033989,0.3831559480,0.6199593469,0.4736067977,-13.1432778030,21.2662702088,40.7109319676
711,0.2368033989,-0.3831559480,0.1463525492,-0.7663118961,13.1432778030,-21.2662702088,-31.4010271442
712,-0.3831559480,-0.6199593469,0.2368033989,0.4736067977,-21.2662702088,-34.4095480118,29.2207171366
713,-0.7663118961,0.0000000000,0.0000000000,0.4736067977,-42.5325404176,0.0000000000,22.1193738330
714,-0.7663118961,-0.2368033989,-0.1463525492,-0.3831559480,-42.5325404176,-13.1432778030,-22.2838208632
715,-0.7663118961,-0.3831559480,0.2368033989,-0.1463525492,-42.5325404176,-21.2662702088,0.2660808843
716,0.0000000000,0.8567627458,0.2368033989,-0.1463525492,0.0000000000,47.5528258148,0.2660808843
717,-0.4736067977,0.6199593469,0.3831559480,-0.2368033989,-26.2865556060,34.4095480118,0.4305279146
718,0.0000000000,0.6199593469,-0.3831559480,-0.5295084972,0.0000000000,34.4095480118,-36.2204265861
719,0.6199593469,-0.3831559480,0.4736067977,-0.2368033989,34.4095480118,-21.2662702088,3.1429996908
